Episode,Reward,Pre,True,Probabilities,Steps
0.0,5434.687767083493,0.0,0.0,-1.0,1000.0
1.0,5423.931197302032,0.0,0.0,-1.0,1000.0
2.0,5455.850891859873,0.0,0.0,-1.0,1000.0
3.0,5433.867221168903,0.0,0.0,-1.0,1000.0
4.0,648.5755711948177,1.0,1.0,0.5884813666343689,34.0
5.0,5472.516031427707,0.0,0.0,-1.0,1000.0
6.0,5428.9053848962685,0.0,0.0,-1.0,1000.0
7.0,5306.0576305888935,0.0,0.0,-1.0,1000.0
8.0,5450.486611455047,0.0,0.0,-1.0,1000.0
9.0,5458.327080579383,0.0,0.0,-1.0,1000.0
10.0,5401.767261301251,0.0,0.0,-1.0,1000.0
11.0,5438.274397543154,0.0,0.0,-1.0,1000.0
12.0,5436.533915346437,0.0,0.0,-1.0,1000.0
13.0,5433.155951911494,0.0,0.0,-1.0,1000.0
14.0,5450.777066318296,0.0,0.0,-1.0,1000.0
15.0,5421.127626348399,0.0,0.0,-1.0,1000.0
16.0,5402.661550711076,0.0,0.0,-1.0,1000.0
17.0,5415.324698843517,0.0,0.0,-1.0,1000.0
18.0,5441.412286956248,0.0,0.0,-1.0,1000.0
19.0,5362.825481309602,0.0,0.0,-1.0,1000.0
20.0,5449.022264398682,0.0,0.0,-1.0,1000.0
21.0,5449.57971425819,0.0,0.0,-1.0,1000.0
22.0,5419.608641444546,0.0,0.0,-1.0,1000.0
23.0,5452.97409333493,0.0,0.0,-1.0,1000.0
24.0,5426.674015062078,0.0,0.0,-1.0,1000.0
25.0,5443.484324699959,0.0,0.0,-1.0,1000.0
26.0,5430.549732963201,0.0,0.0,-1.0,1000.0
27.0,5443.90839466095,0.0,0.0,-1.0,1000.0
28.0,5420.356003396694,0.0,0.0,-1.0,1000.0
29.0,5427.531249527836,0.0,0.0,-1.0,1000.0
30.0,5403.023805346627,0.0,0.0,-1.0,1000.0
31.0,5446.058375513929,0.0,0.0,-1.0,1000.0
32.0,5423.894430971957,0.0,0.0,-1.0,1000.0
33.0,5408.586846184666,0.0,0.0,-1.0,1000.0
34.0,5414.344212841959,0.0,0.0,-1.0,1000.0
35.0,5432.378402949658,0.0,0.0,-1.0,1000.0
36.0,2245.144241476961,1.0,1.0,0.5039032697677612,26.0
37.0,5442.73367377096,0.0,0.0,-1.0,1000.0
38.0,5436.214133677803,0.0,0.0,-1.0,1000.0
39.0,5444.769274472742,0.0,0.0,-1.0,1000.0
40.0,5433.735136774951,0.0,0.0,-1.0,1000.0
41.0,5469.662292450863,0.0,0.0,-1.0,1000.0
42.0,5413.69687621244,0.0,0.0,-1.0,1000.0
43.0,5436.967333269508,0.0,0.0,-1.0,1000.0
44.0,5428.365779980046,0.0,0.0,-1.0,1000.0
45.0,5450.293241011135,0.0,0.0,-1.0,1000.0
46.0,5453.9703013710205,0.0,0.0,-1.0,1000.0
47.0,5434.255624369286,0.0,0.0,-1.0,1000.0
48.0,5431.4916893902,0.0,0.0,-1.0,1000.0
49.0,5413.502214310073,0.0,0.0,-1.0,1000.0
50.0,5422.798162159001,0.0,0.0,-1.0,1000.0
51.0,5451.20799610635,0.0,0.0,-1.0,1000.0
52.0,2221.63285991929,1.0,1.0,0.698436439037323,163.0
53.0,5456.745048369414,0.0,0.0,-1.0,1000.0
54.0,5422.700102106189,0.0,0.0,-1.0,1000.0
55.0,5439.107778693546,0.0,0.0,-1.0,1000.0
56.0,5459.221899300839,0.0,0.0,-1.0,1000.0
57.0,5407.496931068484,0.0,0.0,-1.0,1000.0
58.0,5410.243316877754,0.0,0.0,-1.0,1000.0
59.0,5443.612406989368,0.0,0.0,-1.0,1000.0
60.0,5444.280190930394,0.0,0.0,-1.0,1000.0
61.0,5428.355302740071,0.0,0.0,-1.0,1000.0
62.0,5443.104129949263,0.0,0.0,-1.0,1000.0
63.0,5449.577023555788,0.0,0.0,-1.0,1000.0
64.0,5420.851660658657,0.0,0.0,-1.0,1000.0
65.0,5438.724273592002,0.0,0.0,-1.0,1000.0
66.0,5443.749935169248,0.0,0.0,-1.0,1000.0
67.0,5451.017206876233,0.0,0.0,-1.0,1000.0
68.0,5448.555349560293,0.0,0.0,-1.0,1000.0
69.0,5412.744651471779,0.0,0.0,-1.0,1000.0
70.0,5446.675325419226,0.0,0.0,-1.0,1000.0
71.0,5361.873332018273,1.0,1.0,0.5508320331573486,220.0
72.0,5455.286657929149,0.0,0.0,-1.0,1000.0
73.0,5421.740478772393,0.0,0.0,-1.0,1000.0
74.0,5459.6635422823165,0.0,0.0,-1.0,1000.0
75.0,5453.855623988006,0.0,0.0,-1.0,1000.0
76.0,5437.211509426736,0.0,0.0,-1.0,1000.0
77.0,5419.377045825333,0.0,0.0,-1.0,1000.0
78.0,5440.27299349878,0.0,0.0,-1.0,1000.0
79.0,5398.105961290272,0.0,0.0,-1.0,1000.0
80.0,3569.783978367012,1.0,1.0,0.6162367463111877,27.0
81.0,5449.708003797178,0.0,0.0,-1.0,1000.0
82.0,5438.041296146241,0.0,0.0,-1.0,1000.0
83.0,5456.844912263534,0.0,0.0,-1.0,1000.0
84.0,5440.383122181651,0.0,0.0,-1.0,1000.0
85.0,5428.247902570584,0.0,0.0,-1.0,1000.0
86.0,5451.923904720537,0.0,0.0,-1.0,1000.0
87.0,5422.879522437231,0.0,0.0,-1.0,1000.0
88.0,5389.800149502672,0.0,0.0,-1.0,1000.0
89.0,5426.646722090055,0.0,0.0,-1.0,1000.0
90.0,2285.4334465401053,1.0,1.0,0.5031550526618958,75.0
91.0,5442.583525218105,0.0,0.0,-1.0,1000.0
92.0,3459.831991016496,1.0,1.0,0.5567539930343628,36.0
93.0,5400.778479900489,0.0,0.0,-1.0,1000.0
94.0,5421.626173362326,0.0,0.0,-1.0,1000.0
95.0,5433.90291061439,0.0,0.0,-1.0,1000.0
96.0,5461.3690913323,0.0,0.0,-1.0,1000.0
97.0,5430.59516842558,0.0,0.0,-1.0,1000.0
98.0,5423.430416738638,0.0,0.0,-1.0,1000.0
99.0,5446.858043938435,0.0,0.0,-1.0,1000.0
100.0,5417.325604466358,0.0,0.0,-1.0,1000.0
101.0,5413.228840243562,0.0,0.0,-1.0,1000.0
102.0,5451.239140133201,0.0,0.0,-1.0,1000.0
103.0,5428.068673979979,0.0,0.0,-1.0,1000.0
104.0,5370.559133431019,0.0,0.0,-1.0,1000.0
105.0,5415.818310168611,0.0,0.0,-1.0,1000.0
106.0,3292.5392555884255,1.0,1.0,0.535304069519043,48.0
107.0,1268.1039629827023,1.0,1.0,0.5821966528892517,146.0
108.0,5436.913422972545,0.0,0.0,-1.0,1000.0
109.0,5420.118947706792,0.0,0.0,-1.0,1000.0
110.0,5420.395956239137,0.0,0.0,-1.0,1000.0
111.0,5420.457956573405,0.0,0.0,-1.0,1000.0
112.0,5396.261587686219,0.0,0.0,-1.0,1000.0
113.0,5452.160830226206,0.0,0.0,-1.0,1000.0
114.0,5410.5070568610545,0.0,0.0,-1.0,1000.0
115.0,5447.930864319857,0.0,0.0,-1.0,1000.0
116.0,5430.753304380267,0.0,0.0,-1.0,1000.0
117.0,5427.030895565404,0.0,0.0,-1.0,1000.0
118.0,5437.9851363309945,0.0,0.0,-1.0,1000.0
119.0,5454.258299540525,0.0,0.0,-1.0,1000.0
120.0,5430.832416532818,0.0,0.0,-1.0,1000.0
121.0,5423.624644304985,0.0,0.0,-1.0,1000.0
122.0,5453.585396309523,0.0,0.0,-1.0,1000.0
123.0,5461.939844905595,0.0,0.0,-1.0,1000.0
124.0,5415.91620785577,0.0,0.0,-1.0,1000.0
125.0,5410.144292930931,0.0,0.0,-1.0,1000.0
126.0,5437.468513476217,0.0,0.0,-1.0,1000.0
127.0,5426.367909063535,0.0,0.0,-1.0,1000.0
128.0,5422.094725436454,0.0,0.0,-1.0,1000.0
129.0,1102.5984925382174,1.0,1.0,0.5195891857147217,15.0
130.0,5460.650746065052,0.0,0.0,-1.0,1000.0
131.0,5428.100839847776,0.0,0.0,-1.0,1000.0
132.0,5415.942779038908,0.0,0.0,-1.0,1000.0
133.0,5426.847998013186,0.0,0.0,-1.0,1000.0
134.0,5433.091674290872,0.0,0.0,-1.0,1000.0
135.0,5433.11898952798,0.0,0.0,-1.0,1000.0
136.0,5430.146146842981,0.0,0.0,-1.0,1000.0
137.0,5442.527450724942,0.0,0.0,-1.0,1000.0
138.0,1998.64944763758,1.0,1.0,0.5173525214195251,43.0
139.0,5445.583800097361,0.0,0.0,-1.0,1000.0
140.0,1918.2174935956034,1.0,1.0,0.5155046582221985,37.0
141.0,5393.888405719577,0.0,0.0,-1.0,1000.0
142.0,5432.481192906108,0.0,0.0,-1.0,1000.0
143.0,5455.205577766809,0.0,0.0,-1.0,1000.0
144.0,5449.276374979961,1.0,0.0,0.5181471109390259,828.0
145.0,5439.5564731651075,0.0,0.0,-1.0,1000.0
146.0,5440.746169023273,0.0,0.0,-1.0,1000.0
147.0,5441.580957818084,0.0,0.0,-1.0,1000.0
148.0,5440.5517748344055,0.0,0.0,-1.0,1000.0
149.0,5361.492297076387,1.0,0.0,0.511090099811554,5.0
150.0,1942.6140384350547,1.0,1.0,0.5301198363304138,20.0
151.0,5430.563905248622,0.0,0.0,-1.0,1000.0
152.0,5393.410271143472,0.0,0.0,-1.0,1000.0
153.0,5419.788730392223,0.0,0.0,-1.0,1000.0
154.0,5443.9124570782715,0.0,0.0,-1.0,1000.0
155.0,5442.6298453815525,0.0,0.0,-1.0,1000.0
156.0,5114.100818576576,1.0,1.0,0.6144074201583862,33.0
157.0,5456.605013204066,0.0,0.0,-1.0,1000.0
158.0,5424.688736089007,0.0,0.0,-1.0,1000.0
159.0,5434.544298085291,0.0,0.0,-1.0,1000.0
160.0,3611.73754644331,1.0,1.0,0.5288079380989075,18.0
161.0,5458.141542786536,0.0,0.0,-1.0,1000.0
162.0,5449.662619835588,0.0,0.0,-1.0,1000.0
163.0,5443.704727669368,0.0,0.0,-1.0,1000.0
164.0,5413.667001799323,0.0,0.0,-1.0,1000.0
165.0,5437.460458519866,0.0,0.0,-1.0,1000.0
166.0,5420.752839778212,0.0,0.0,-1.0,1000.0
167.0,5408.728963039284,0.0,0.0,-1.0,1000.0
168.0,5294.354407378413,0.0,0.0,-1.0,1000.0
169.0,5455.1572488042875,0.0,0.0,-1.0,1000.0
170.0,1940.535432885166,1.0,1.0,0.5335994362831116,156.0
171.0,5428.02294210762,1.0,1.0,0.5518123507499695,54.0
172.0,5439.17748125348,0.0,0.0,-1.0,1000.0
173.0,5436.795135374324,0.0,0.0,-1.0,1000.0
174.0,5409.912694805737,0.0,0.0,-1.0,1000.0
175.0,5426.027863857646,0.0,0.0,-1.0,1000.0
176.0,5391.77719736246,1.0,0.0,0.5028817057609558,904.0
177.0,5449.829307053295,0.0,0.0,-1.0,1000.0
178.0,5454.695132628817,0.0,0.0,-1.0,1000.0
179.0,5419.831227179237,0.0,0.0,-1.0,1000.0
180.0,5436.7778638040445,0.0,0.0,-1.0,1000.0
181.0,5435.400890543511,0.0,0.0,-1.0,1000.0
182.0,5405.141179124049,0.0,0.0,-1.0,1000.0
183.0,5434.432886110655,0.0,0.0,-1.0,1000.0
184.0,5426.278708891632,0.0,0.0,-1.0,1000.0
185.0,5437.199916797109,0.0,0.0,-1.0,1000.0
186.0,5408.87932466965,0.0,0.0,-1.0,1000.0
187.0,5447.335342092658,0.0,0.0,-1.0,1000.0
188.0,5427.378223993087,0.0,0.0,-1.0,1000.0
189.0,2121.538924162059,1.0,1.0,0.5121560096740723,188.0
190.0,2313.3047847632233,1.0,1.0,0.5071473121643066,25.0
191.0,5436.791256674758,0.0,0.0,-1.0,1000.0
192.0,5439.954678077617,0.0,0.0,-1.0,1000.0
193.0,5422.943291021879,0.0,0.0,-1.0,1000.0
194.0,5445.659136388351,0.0,0.0,-1.0,1000.0
195.0,5417.76146296407,0.0,0.0,-1.0,1000.0
196.0,5434.005426782176,0.0,0.0,-1.0,1000.0
197.0,5449.113518401094,0.0,0.0,-1.0,1000.0
198.0,5405.3650829700355,0.0,0.0,-1.0,1000.0
199.0,5425.394478264177,0.0,0.0,-1.0,1000.0
200.0,5436.948400708845,0.0,0.0,-1.0,1000.0
201.0,5436.659530903955,0.0,0.0,-1.0,1000.0
202.0,5468.030475536666,0.0,0.0,-1.0,1000.0
203.0,5435.889884484281,0.0,0.0,-1.0,1000.0
204.0,5457.3634974246,0.0,0.0,-1.0,1000.0
205.0,5382.911652524364,1.0,0.0,0.5803855061531067,48.0
206.0,5403.833884753904,0.0,0.0,-1.0,1000.0
207.0,5432.129872120109,0.0,0.0,-1.0,1000.0
208.0,2112.013214455298,1.0,1.0,0.5499115586280823,45.0
209.0,5438.254924759461,0.0,0.0,-1.0,1000.0
210.0,5426.784323212443,0.0,0.0,-1.0,1000.0
211.0,5404.307589520665,0.0,0.0,-1.0,1000.0
212.0,5440.240146559492,0.0,0.0,-1.0,1000.0
213.0,5448.134868980623,0.0,0.0,-1.0,1000.0
214.0,5452.471822779399,0.0,0.0,-1.0,1000.0
215.0,5427.990976282921,0.0,0.0,-1.0,1000.0
216.0,5403.03392546321,0.0,0.0,-1.0,1000.0
217.0,4877.269931496389,1.0,1.0,0.5351741909980774,70.0
218.0,5434.367019297828,0.0,0.0,-1.0,1000.0
219.0,5421.674594867767,0.0,0.0,-1.0,1000.0
220.0,5430.084640223101,0.0,0.0,-1.0,1000.0
221.0,5438.192226055923,0.0,0.0,-1.0,1000.0
222.0,5424.26469169047,0.0,0.0,-1.0,1000.0
223.0,5429.249879813463,0.0,0.0,-1.0,1000.0
224.0,5333.413821401586,0.0,0.0,-1.0,1000.0
225.0,5432.432229095095,0.0,0.0,-1.0,1000.0
226.0,5301.1787453026,1.0,0.0,0.5135760307312012,233.0
227.0,5436.099705576616,0.0,0.0,-1.0,1000.0
228.0,5453.705726669284,0.0,0.0,-1.0,1000.0
229.0,5324.04529671718,1.0,0.0,0.6239160895347595,164.0
230.0,4162.126339313018,1.0,1.0,0.5330891609191895,42.0
231.0,5447.393111056324,0.0,0.0,-1.0,1000.0
232.0,2693.6689469695825,1.0,1.0,0.626206636428833,48.0
233.0,5428.047049506728,0.0,0.0,-1.0,1000.0
234.0,5465.407183347233,0.0,0.0,-1.0,1000.0
235.0,5425.037629823782,0.0,0.0,-1.0,1000.0
236.0,5457.452291384545,0.0,0.0,-1.0,1000.0
237.0,779.0871083698743,1.0,1.0,0.5842525362968445,67.0
238.0,5426.534174788896,0.0,0.0,-1.0,1000.0
239.0,5439.901391593355,0.0,0.0,-1.0,1000.0
240.0,5437.1271297843705,0.0,0.0,-1.0,1000.0
241.0,5412.635427128486,0.0,0.0,-1.0,1000.0
242.0,1359.8322315217756,1.0,1.0,0.5011073350906372,124.0
243.0,5402.106195824051,0.0,0.0,-1.0,1000.0
244.0,5439.156013504272,0.0,0.0,-1.0,1000.0
245.0,5326.496538454518,1.0,0.0,0.5436319708824158,666.0
246.0,5404.460229670465,0.0,0.0,-1.0,1000.0
247.0,4502.155006532984,1.0,1.0,0.556731104850769,92.0
248.0,5451.948714325586,0.0,0.0,-1.0,1000.0
249.0,5417.239619120343,0.0,0.0,-1.0,1000.0
250.0,5435.930229970278,0.0,0.0,-1.0,1000.0
251.0,5442.693236355669,0.0,0.0,-1.0,1000.0
252.0,2303.675108757829,1.0,1.0,0.5667518973350525,37.0
253.0,5424.602846242775,0.0,0.0,-1.0,1000.0
254.0,5426.342197383484,1.0,0.0,0.5858089327812195,217.0
255.0,5435.824170628818,0.0,0.0,-1.0,1000.0
256.0,5415.211415845619,0.0,0.0,-1.0,1000.0
257.0,5423.628275275874,0.0,0.0,-1.0,1000.0
258.0,5420.1902039823635,0.0,0.0,-1.0,1000.0
259.0,5422.5835185353235,0.0,0.0,-1.0,1000.0
260.0,5417.500006660901,0.0,0.0,-1.0,1000.0
261.0,5425.965757093236,0.0,0.0,-1.0,1000.0
262.0,2601.0805416826265,1.0,1.0,0.5153082609176636,69.0
263.0,5441.0534041521305,0.0,0.0,-1.0,1000.0
264.0,5428.636695787511,0.0,0.0,-1.0,1000.0
265.0,5421.874297265418,0.0,0.0,-1.0,1000.0
266.0,842.102124771817,1.0,1.0,0.5426329374313354,60.0
267.0,5443.141864570683,0.0,0.0,-1.0,1000.0
268.0,5413.981556771317,0.0,0.0,-1.0,1000.0
269.0,5427.487286029116,0.0,0.0,-1.0,1000.0
270.0,4515.285075983304,1.0,1.0,0.5796190500259399,68.0
271.0,5438.29465686169,0.0,0.0,-1.0,1000.0
272.0,5447.288093333771,0.0,0.0,-1.0,1000.0
273.0,476.51273514839744,1.0,1.0,0.5771781802177429,34.0
274.0,5446.106725333405,0.0,0.0,-1.0,1000.0
275.0,5450.291498751025,0.0,0.0,-1.0,1000.0
276.0,5434.223672671112,0.0,0.0,-1.0,1000.0
277.0,5428.132404016976,0.0,0.0,-1.0,1000.0
278.0,5451.457971781656,0.0,0.0,-1.0,1000.0
279.0,5441.936759730243,0.0,0.0,-1.0,1000.0
280.0,5456.931579658703,0.0,0.0,-1.0,1000.0
281.0,5440.373567069786,0.0,0.0,-1.0,1000.0
282.0,5455.697033686844,0.0,0.0,-1.0,1000.0
283.0,5438.47131346448,0.0,0.0,-1.0,1000.0
284.0,4750.635340438909,1.0,1.0,0.5293153524398804,422.0
285.0,5427.249617222427,0.0,0.0,-1.0,1000.0
286.0,5428.530673331573,0.0,0.0,-1.0,1000.0
287.0,5404.176113895246,0.0,0.0,-1.0,1000.0
288.0,5438.409135115796,0.0,0.0,-1.0,1000.0
289.0,5446.410437503382,0.0,0.0,-1.0,1000.0
290.0,5418.698861544618,0.0,0.0,-1.0,1000.0
291.0,5427.608601659724,0.0,0.0,-1.0,1000.0
292.0,5412.157293664713,0.0,0.0,-1.0,1000.0
293.0,5424.341020789541,0.0,0.0,-1.0,1000.0
294.0,5438.573668356444,0.0,0.0,-1.0,1000.0
295.0,5372.160907217927,0.0,0.0,-1.0,1000.0
296.0,5442.681061091264,0.0,0.0,-1.0,1000.0
297.0,5435.781732264944,0.0,0.0,-1.0,1000.0
298.0,5411.905523542504,0.0,0.0,-1.0,1000.0
299.0,5452.531928918712,0.0,0.0,-1.0,1000.0
300.0,5464.713596866204,0.0,0.0,-1.0,1000.0
301.0,5449.255489887618,0.0,0.0,-1.0,1000.0
302.0,5366.691497541668,1.0,0.0,0.5647318959236145,881.0
303.0,5447.501577284042,0.0,0.0,-1.0,1000.0
304.0,5426.132483143873,0.0,0.0,-1.0,1000.0
305.0,5435.97291806879,0.0,0.0,-1.0,1000.0
306.0,5400.747129533673,1.0,0.0,0.5815001130104065,51.0
307.0,5399.690461716005,0.0,0.0,-1.0,1000.0
308.0,5435.607630675359,0.0,0.0,-1.0,1000.0
309.0,5430.431531663796,0.0,0.0,-1.0,1000.0
310.0,5386.304055260315,0.0,0.0,-1.0,1000.0
311.0,5432.724308753124,0.0,0.0,-1.0,1000.0
312.0,2208.7236301053713,1.0,1.0,0.5203795433044434,53.0
313.0,5424.649950892394,0.0,0.0,-1.0,1000.0
314.0,5421.398614370336,0.0,0.0,-1.0,1000.0
315.0,5413.1829407293435,0.0,0.0,-1.0,1000.0
316.0,5409.014074176183,0.0,0.0,-1.0,1000.0
317.0,5457.0706136639765,0.0,0.0,-1.0,1000.0
318.0,5388.16317448919,0.0,0.0,-1.0,1000.0
319.0,5434.282810223931,0.0,0.0,-1.0,1000.0
320.0,5404.902469258061,0.0,0.0,-1.0,1000.0
321.0,5445.285864309702,0.0,0.0,-1.0,1000.0
322.0,5428.1854011759415,0.0,0.0,-1.0,1000.0
323.0,5368.890504084009,1.0,1.0,0.5115205645561218,26.0
324.0,5447.237928552227,0.0,0.0,-1.0,1000.0
325.0,5394.524706934104,0.0,0.0,-1.0,1000.0
326.0,5420.213839527347,0.0,0.0,-1.0,1000.0
327.0,5434.873353543679,0.0,0.0,-1.0,1000.0
328.0,5460.463200892199,0.0,0.0,-1.0,1000.0
329.0,5395.890194200309,0.0,0.0,-1.0,1000.0
330.0,5440.868478552669,0.0,0.0,-1.0,1000.0
331.0,5456.9151235247855,0.0,0.0,-1.0,1000.0
332.0,1314.9354696059568,1.0,1.0,0.520133376121521,72.0
333.0,5422.203142406349,0.0,0.0,-1.0,1000.0
334.0,5309.103675906421,0.0,0.0,-1.0,1000.0
335.0,3801.7638546406283,1.0,1.0,0.537513792514801,32.0
336.0,5420.442299113803,0.0,0.0,-1.0,1000.0
337.0,5443.172544626965,0.0,0.0,-1.0,1000.0
338.0,5342.055335052273,1.0,0.0,0.5251545310020447,46.0
339.0,5430.490682660741,0.0,0.0,-1.0,1000.0
340.0,5430.5649022239695,0.0,0.0,-1.0,1000.0
341.0,4778.862527053423,1.0,1.0,0.5758436322212219,64.0
342.0,5435.494637751713,0.0,0.0,-1.0,1000.0
343.0,3528.4035325175073,1.0,1.0,0.5208129286766052,40.0
344.0,5459.307353613733,0.0,0.0,-1.0,1000.0
345.0,5443.9307953813495,0.0,0.0,-1.0,1000.0
346.0,5404.939083374173,0.0,0.0,-1.0,1000.0
347.0,5391.827400298153,0.0,0.0,-1.0,1000.0
348.0,5428.5228906988195,0.0,0.0,-1.0,1000.0
349.0,1445.132254723823,1.0,1.0,0.5510957837104797,21.0
350.0,5468.884274729573,0.0,0.0,-1.0,1000.0
351.0,5435.912708807173,0.0,0.0,-1.0,1000.0
352.0,5398.259928535406,0.0,0.0,-1.0,1000.0
353.0,5421.555918732707,0.0,0.0,-1.0,1000.0
354.0,5423.61577688792,0.0,0.0,-1.0,1000.0
355.0,5440.513943247576,0.0,0.0,-1.0,1000.0
356.0,5447.821399815865,0.0,0.0,-1.0,1000.0
357.0,5378.678855865539,0.0,0.0,-1.0,1000.0
358.0,5421.75378403596,0.0,0.0,-1.0,1000.0
359.0,5474.9816687377925,0.0,0.0,-1.0,1000.0
360.0,5427.243744865465,0.0,0.0,-1.0,1000.0
361.0,5416.606591413317,0.0,0.0,-1.0,1000.0
362.0,5450.411916147387,0.0,0.0,-1.0,1000.0
363.0,5449.332088868159,0.0,0.0,-1.0,1000.0
364.0,5443.137553701939,0.0,0.0,-1.0,1000.0
365.0,5408.258505447423,0.0,0.0,-1.0,1000.0
366.0,5280.2996209357425,1.0,1.0,0.5294286608695984,47.0
367.0,5436.979862693124,0.0,0.0,-1.0,1000.0
368.0,5421.479456714758,0.0,0.0,-1.0,1000.0
369.0,512.0529903064175,1.0,1.0,0.599559485912323,66.0
370.0,4211.957072257363,1.0,1.0,0.5168138742446899,173.0
371.0,5444.3474717539675,0.0,0.0,-1.0,1000.0
372.0,5387.840057286043,0.0,0.0,-1.0,1000.0
373.0,5421.438898227372,0.0,0.0,-1.0,1000.0
374.0,5430.623036180152,0.0,0.0,-1.0,1000.0
375.0,5430.767625841114,0.0,0.0,-1.0,1000.0
376.0,5413.843517749223,0.0,0.0,-1.0,1000.0
377.0,5437.589106632242,0.0,0.0,-1.0,1000.0
378.0,5440.635350759992,0.0,0.0,-1.0,1000.0
379.0,5449.143729314505,0.0,0.0,-1.0,1000.0
380.0,4376.012110735091,1.0,1.0,0.5488245487213135,69.0
381.0,5447.718954730624,0.0,0.0,-1.0,1000.0
382.0,5416.844577026852,0.0,0.0,-1.0,1000.0
383.0,5437.036059466331,0.0,0.0,-1.0,1000.0
384.0,5378.024689412591,0.0,0.0,-1.0,1000.0
385.0,5431.086914434976,1.0,0.0,0.5726944208145142,573.0
386.0,5418.095286489398,0.0,0.0,-1.0,1000.0
387.0,1296.0975515197379,1.0,1.0,0.5134522914886475,36.0
388.0,5430.70397137991,0.0,0.0,-1.0,1000.0
389.0,5447.770104141555,0.0,0.0,-1.0,1000.0
390.0,5419.632727869144,0.0,0.0,-1.0,1000.0
391.0,5452.229799875067,1.0,0.0,0.5372368097305298,770.0
392.0,5447.4399287879405,0.0,0.0,-1.0,1000.0
393.0,5434.478481463443,0.0,0.0,-1.0,1000.0
394.0,5474.100280489149,1.0,0.0,0.57089763879776,537.0
395.0,5432.856746135529,0.0,0.0,-1.0,1000.0
396.0,5417.991395150162,0.0,0.0,-1.0,1000.0
397.0,5415.049377289274,0.0,0.0,-1.0,1000.0
398.0,5372.894253795376,0.0,0.0,-1.0,1000.0
399.0,5435.960274197361,0.0,0.0,-1.0,1000.0
400.0,5426.77989255045,0.0,0.0,-1.0,1000.0
401.0,5321.915367647039,1.0,1.0,0.5351016521453857,16.0
402.0,5414.0728435723095,0.0,0.0,-1.0,1000.0
403.0,2464.022689810937,1.0,1.0,0.5233612060546875,141.0
404.0,5416.709173289165,0.0,0.0,-1.0,1000.0
405.0,5427.444281913013,0.0,0.0,-1.0,1000.0
406.0,5414.813833618196,0.0,0.0,-1.0,1000.0
407.0,5431.481567757451,0.0,0.0,-1.0,1000.0
408.0,5411.917043994325,0.0,0.0,-1.0,1000.0
409.0,4264.809782553552,1.0,1.0,0.5514020323753357,38.0
410.0,5388.6819445930505,0.0,0.0,-1.0,1000.0
411.0,5434.786405021871,0.0,0.0,-1.0,1000.0
412.0,5445.761916952717,0.0,0.0,-1.0,1000.0
413.0,5427.151944848814,0.0,0.0,-1.0,1000.0
414.0,5420.391243838543,0.0,0.0,-1.0,1000.0
415.0,5357.056672280443,0.0,0.0,-1.0,1000.0
416.0,5425.586997150639,0.0,0.0,-1.0,1000.0
417.0,5414.037791491723,1.0,0.0,0.5029972195625305,44.0
418.0,5448.902746411276,0.0,0.0,-1.0,1000.0
419.0,5452.99090094969,0.0,0.0,-1.0,1000.0
420.0,5442.3988459589855,0.0,0.0,-1.0,1000.0
421.0,5431.0257145559735,0.0,0.0,-1.0,1000.0
422.0,5432.01868566808,0.0,0.0,-1.0,1000.0
423.0,5426.657185376594,0.0,0.0,-1.0,1000.0
424.0,5412.294163494518,1.0,0.0,0.5266072154045105,86.0
425.0,2124.5619288162216,1.0,1.0,0.5174543857574463,292.0
426.0,5444.200696468114,0.0,0.0,-1.0,1000.0
427.0,5425.064058847387,0.0,0.0,-1.0,1000.0
428.0,5428.354408605535,0.0,0.0,-1.0,1000.0
429.0,5421.467744604712,0.0,0.0,-1.0,1000.0
430.0,5458.025441307537,0.0,0.0,-1.0,1000.0
431.0,5425.807213710544,0.0,0.0,-1.0,1000.0
432.0,5419.02084102726,0.0,0.0,-1.0,1000.0
433.0,5438.23991731432,0.0,0.0,-1.0,1000.0
434.0,5442.810980521182,0.0,0.0,-1.0,1000.0
435.0,5419.207421179067,0.0,0.0,-1.0,1000.0
436.0,1160.5121555646067,1.0,1.0,0.5196647644042969,41.0
437.0,1714.7100922108073,1.0,1.0,0.6010915637016296,52.0
438.0,5372.808553475275,0.0,0.0,-1.0,1000.0
439.0,5401.11452932515,0.0,0.0,-1.0,1000.0
440.0,5424.52555069953,0.0,0.0,-1.0,1000.0
441.0,5149.716715301606,0.0,0.0,-1.0,1000.0
442.0,5402.34599062028,0.0,0.0,-1.0,1000.0
443.0,5451.066949489855,0.0,0.0,-1.0,1000.0
444.0,5327.636129516347,1.0,0.0,0.5637379884719849,29.0
445.0,5454.848157191283,0.0,0.0,-1.0,1000.0
446.0,5411.903099422911,0.0,0.0,-1.0,1000.0
447.0,5443.067406225062,0.0,0.0,-1.0,1000.0
448.0,5434.246534015928,0.0,0.0,-1.0,1000.0
449.0,5445.601569130786,0.0,0.0,-1.0,1000.0
450.0,1691.647200021372,1.0,1.0,0.6231369376182556,39.0
451.0,5463.389997740507,0.0,0.0,-1.0,1000.0
452.0,5435.860867779611,0.0,0.0,-1.0,1000.0
453.0,5448.776109005011,0.0,0.0,-1.0,1000.0
454.0,5403.648853844401,0.0,0.0,-1.0,1000.0
455.0,5391.6620711494415,0.0,0.0,-1.0,1000.0
456.0,5434.936865804825,0.0,0.0,-1.0,1000.0
457.0,5462.30986428842,0.0,0.0,-1.0,1000.0
458.0,5396.730672271835,0.0,0.0,-1.0,1000.0
459.0,5443.197858872807,0.0,0.0,-1.0,1000.0
460.0,5424.392255270713,0.0,0.0,-1.0,1000.0
461.0,5413.094052396842,0.0,0.0,-1.0,1000.0
462.0,5438.3739521728585,0.0,0.0,-1.0,1000.0
463.0,5421.769385213772,0.0,0.0,-1.0,1000.0
464.0,5405.783594963577,1.0,0.0,0.5407646894454956,14.0
465.0,5430.02974774664,0.0,0.0,-1.0,1000.0
466.0,5435.283326423329,0.0,0.0,-1.0,1000.0
467.0,5422.187334461679,0.0,0.0,-1.0,1000.0
468.0,5419.976643730703,0.0,0.0,-1.0,1000.0
469.0,5400.203161223595,0.0,0.0,-1.0,1000.0
470.0,5443.074853993287,0.0,0.0,-1.0,1000.0
471.0,5450.200765772421,0.0,0.0,-1.0,1000.0
472.0,5444.370122218127,0.0,0.0,-1.0,1000.0
473.0,5432.537807404297,0.0,0.0,-1.0,1000.0
474.0,5432.608765181739,0.0,0.0,-1.0,1000.0
475.0,5425.686338477612,0.0,0.0,-1.0,1000.0
476.0,5417.5857022797045,0.0,0.0,-1.0,1000.0
477.0,5417.722582836488,0.0,0.0,-1.0,1000.0
478.0,5469.5223475164,0.0,0.0,-1.0,1000.0
479.0,5420.982692357487,0.0,0.0,-1.0,1000.0
480.0,5434.8067125266125,0.0,0.0,-1.0,1000.0
481.0,5430.76801644556,0.0,0.0,-1.0,1000.0
482.0,5433.873763363349,0.0,0.0,-1.0,1000.0
483.0,5445.314757665549,0.0,0.0,-1.0,1000.0
484.0,5431.061420404564,1.0,0.0,0.5165324807167053,142.0
485.0,5428.973923713547,0.0,0.0,-1.0,1000.0
486.0,5424.495155521722,0.0,0.0,-1.0,1000.0
487.0,5453.630435291001,0.0,0.0,-1.0,1000.0
488.0,5425.890043435041,0.0,0.0,-1.0,1000.0
489.0,5421.605552732221,0.0,0.0,-1.0,1000.0
490.0,5423.226598228493,0.0,0.0,-1.0,1000.0
491.0,5435.869804692702,0.0,0.0,-1.0,1000.0
492.0,5385.4086348937735,0.0,0.0,-1.0,1000.0
493.0,5454.437484206386,0.0,0.0,-1.0,1000.0
494.0,5424.583477105806,0.0,0.0,-1.0,1000.0
495.0,5406.166218294867,0.0,0.0,-1.0,1000.0
496.0,5440.702948583529,0.0,0.0,-1.0,1000.0
497.0,5449.310913267969,0.0,0.0,-1.0,1000.0
498.0,5428.66730216389,0.0,0.0,-1.0,1000.0
499.0,5443.088774700099,0.0,0.0,-1.0,1000.0
500.0,5446.733452367495,0.0,0.0,-1.0,1000.0
501.0,5391.165025250088,0.0,0.0,-1.0,1000.0
502.0,5440.288659919731,0.0,0.0,-1.0,1000.0
503.0,1560.3934722838662,1.0,1.0,0.5263558030128479,36.0
504.0,5425.099188595606,0.0,0.0,-1.0,1000.0
505.0,5427.461995654691,0.0,0.0,-1.0,1000.0
506.0,5442.763216814153,0.0,0.0,-1.0,1000.0
507.0,5454.127280325049,0.0,0.0,-1.0,1000.0
508.0,5414.946427384226,1.0,0.0,0.5170705318450928,17.0
509.0,5429.980132227546,0.0,0.0,-1.0,1000.0
510.0,5434.239771381013,0.0,0.0,-1.0,1000.0
511.0,5436.141711897523,0.0,0.0,-1.0,1000.0
512.0,5448.408685976369,0.0,0.0,-1.0,1000.0
513.0,5430.294082618236,0.0,0.0,-1.0,1000.0
514.0,5458.544878106335,0.0,0.0,-1.0,1000.0
515.0,5432.281376736675,0.0,0.0,-1.0,1000.0
516.0,5459.484013790645,0.0,0.0,-1.0,1000.0
517.0,5421.784792308985,0.0,0.0,-1.0,1000.0
518.0,5442.614848562694,0.0,0.0,-1.0,1000.0
519.0,5432.883396134902,0.0,0.0,-1.0,1000.0
520.0,5442.671522836243,0.0,0.0,-1.0,1000.0
521.0,5417.915855763484,0.0,0.0,-1.0,1000.0
522.0,5441.787533083232,0.0,0.0,-1.0,1000.0
523.0,5417.023872081958,0.0,0.0,-1.0,1000.0
524.0,5442.440953733152,0.0,0.0,-1.0,1000.0
525.0,5400.454953992192,0.0,0.0,-1.0,1000.0
526.0,5369.650236425113,1.0,0.0,0.5995256900787354,371.0
527.0,5416.076862073719,0.0,0.0,-1.0,1000.0
528.0,5437.179327152965,0.0,0.0,-1.0,1000.0
529.0,5453.101961080449,0.0,0.0,-1.0,1000.0
530.0,5450.388546322581,0.0,0.0,-1.0,1000.0
531.0,5178.598938548014,0.0,0.0,-1.0,1000.0
532.0,5427.804240721655,0.0,0.0,-1.0,1000.0
533.0,5363.351541554323,0.0,0.0,-1.0,1000.0
534.0,5421.115579719662,0.0,0.0,-1.0,1000.0
535.0,5371.761463523967,0.0,0.0,-1.0,1000.0
536.0,5454.391855607602,1.0,0.0,0.6073254942893982,970.0
537.0,5422.653409540682,0.0,0.0,-1.0,1000.0
538.0,5444.723436699905,0.0,0.0,-1.0,1000.0
539.0,1737.0391973619567,1.0,1.0,0.5802299976348877,49.0
540.0,5419.068470650078,0.0,0.0,-1.0,1000.0
541.0,5429.276102140191,0.0,0.0,-1.0,1000.0
542.0,5449.349527376754,0.0,0.0,-1.0,1000.0
543.0,5425.788436708354,0.0,0.0,-1.0,1000.0
544.0,5422.053072010482,0.0,0.0,-1.0,1000.0
545.0,5458.972377767958,0.0,0.0,-1.0,1000.0
546.0,5443.988475581805,0.0,0.0,-1.0,1000.0
547.0,5410.91149503454,0.0,0.0,-1.0,1000.0
548.0,5431.48714791737,0.0,0.0,-1.0,1000.0
549.0,5447.122599746727,0.0,0.0,-1.0,1000.0
550.0,5427.339563763293,0.0,0.0,-1.0,1000.0
551.0,5431.414426328018,0.0,0.0,-1.0,1000.0
552.0,5424.170607467743,0.0,0.0,-1.0,1000.0
553.0,5432.389256498621,0.0,0.0,-1.0,1000.0
554.0,5412.512231105671,0.0,0.0,-1.0,1000.0
555.0,5458.533913042112,0.0,0.0,-1.0,1000.0
556.0,5420.913254868472,0.0,0.0,-1.0,1000.0
557.0,5413.023980414509,0.0,0.0,-1.0,1000.0
558.0,5424.253547158223,0.0,0.0,-1.0,1000.0
559.0,5426.825214816634,1.0,0.0,0.5455787181854248,9.0
560.0,5435.8487340294505,0.0,0.0,-1.0,1000.0
561.0,5434.14106556485,0.0,0.0,-1.0,1000.0
562.0,5442.350887576193,0.0,0.0,-1.0,1000.0
563.0,5447.539378499503,0.0,0.0,-1.0,1000.0
564.0,5405.709564514852,0.0,0.0,-1.0,1000.0
565.0,5406.394512720995,0.0,0.0,-1.0,1000.0
566.0,5419.397627240442,0.0,0.0,-1.0,1000.0
567.0,5424.140206686042,0.0,0.0,-1.0,1000.0
568.0,5435.381734991834,0.0,0.0,-1.0,1000.0
569.0,5434.575383719461,0.0,0.0,-1.0,1000.0
570.0,5431.507884917389,0.0,0.0,-1.0,1000.0
571.0,5464.437160535477,0.0,0.0,-1.0,1000.0
572.0,5457.4496251689,0.0,0.0,-1.0,1000.0
573.0,3248.8576513269904,1.0,1.0,0.5103712677955627,100.0
574.0,5430.793232578415,0.0,0.0,-1.0,1000.0
575.0,5440.313669704272,0.0,0.0,-1.0,1000.0
576.0,5449.289015189247,0.0,0.0,-1.0,1000.0
577.0,5414.80257628011,0.0,0.0,-1.0,1000.0
578.0,5397.865948214898,0.0,0.0,-1.0,1000.0
579.0,5429.900367000194,0.0,0.0,-1.0,1000.0
580.0,5432.317722039253,0.0,0.0,-1.0,1000.0
581.0,5462.450569935402,0.0,0.0,-1.0,1000.0
582.0,5435.1766689211745,0.0,0.0,-1.0,1000.0
583.0,5397.035608724519,0.0,0.0,-1.0,1000.0
584.0,5459.904567259723,1.0,0.0,0.5461658239364624,57.0
585.0,5427.344333041213,0.0,0.0,-1.0,1000.0
586.0,5448.996104240711,0.0,0.0,-1.0,1000.0
587.0,5245.958673713503,1.0,0.0,0.5693778991699219,116.0
588.0,5434.360069307631,0.0,0.0,-1.0,1000.0
589.0,5446.668629360671,0.0,0.0,-1.0,1000.0
590.0,5422.747320281874,0.0,0.0,-1.0,1000.0
591.0,5424.492906660952,0.0,0.0,-1.0,1000.0
592.0,3783.546136742097,1.0,1.0,0.6292041540145874,39.0
593.0,3452.6249842351685,1.0,1.0,0.5179697275161743,40.0
594.0,5415.6961035116465,0.0,0.0,-1.0,1000.0
595.0,5091.648741341047,1.0,1.0,0.5046756863594055,33.0
596.0,3241.85969165164,1.0,1.0,0.658586859703064,50.0
597.0,5389.542750690528,0.0,0.0,-1.0,1000.0
598.0,1015.5274195752539,1.0,1.0,0.6160598993301392,94.0
599.0,5436.771344544215,0.0,0.0,-1.0,1000.0
600.0,5441.168970940978,0.0,0.0,-1.0,1000.0
601.0,5419.889354535884,0.0,0.0,-1.0,1000.0
602.0,1172.973338239794,1.0,1.0,0.5072760581970215,104.0
603.0,5430.597738112928,0.0,0.0,-1.0,1000.0
604.0,5445.907373208196,0.0,0.0,-1.0,1000.0
605.0,5434.231864618607,0.0,0.0,-1.0,1000.0
606.0,5421.421101331583,0.0,0.0,-1.0,1000.0
607.0,5432.332012372893,0.0,0.0,-1.0,1000.0
608.0,5436.6871741895975,0.0,0.0,-1.0,1000.0
609.0,5420.90315512203,0.0,0.0,-1.0,1000.0
610.0,5445.795083056838,0.0,0.0,-1.0,1000.0
611.0,5414.421925120152,0.0,0.0,-1.0,1000.0
612.0,4868.965037793277,1.0,1.0,0.640144944190979,70.0
613.0,5440.390969783943,0.0,0.0,-1.0,1000.0
614.0,1921.0639869600943,1.0,1.0,0.5297648310661316,23.0
615.0,5444.434339180719,0.0,0.0,-1.0,1000.0
616.0,5464.640231062709,0.0,0.0,-1.0,1000.0
617.0,5332.53036565865,1.0,0.0,0.533859133720398,639.0
618.0,5445.709194500752,0.0,0.0,-1.0,1000.0
619.0,5419.531643304442,0.0,0.0,-1.0,1000.0
620.0,5455.398911254821,0.0,0.0,-1.0,1000.0
621.0,4465.765284406415,1.0,1.0,0.5950527191162109,49.0
622.0,5332.602425318942,0.0,0.0,-1.0,1000.0
623.0,5428.75836666854,0.0,0.0,-1.0,1000.0
624.0,5420.499152744688,0.0,0.0,-1.0,1000.0
625.0,5406.954650563832,0.0,0.0,-1.0,1000.0
626.0,903.79482437412,1.0,1.0,0.5452690124511719,82.0
627.0,5385.197924980632,0.0,0.0,-1.0,1000.0
628.0,5432.385754964491,0.0,0.0,-1.0,1000.0
629.0,5441.946791649152,0.0,0.0,-1.0,1000.0
630.0,5416.216006418197,0.0,0.0,-1.0,1000.0
631.0,5427.737733784919,0.0,0.0,-1.0,1000.0
632.0,5450.624886939862,0.0,0.0,-1.0,1000.0
633.0,5449.05127281459,0.0,0.0,-1.0,1000.0
634.0,5417.164989736693,0.0,0.0,-1.0,1000.0
635.0,5419.154420108822,0.0,0.0,-1.0,1000.0
636.0,5441.231303425304,0.0,0.0,-1.0,1000.0
637.0,5461.689332627547,0.0,0.0,-1.0,1000.0
638.0,2986.0978600308667,1.0,1.0,0.5540373921394348,45.0
639.0,5426.051066149257,0.0,0.0,-1.0,1000.0
640.0,5448.85479266319,0.0,0.0,-1.0,1000.0
641.0,5420.630475125152,0.0,0.0,-1.0,1000.0
642.0,5411.669209519767,0.0,0.0,-1.0,1000.0
643.0,5446.0953791897855,0.0,0.0,-1.0,1000.0
644.0,5429.563375607837,0.0,0.0,-1.0,1000.0
645.0,5441.007480380146,0.0,0.0,-1.0,1000.0
646.0,5416.563735398039,1.0,0.0,0.609194815158844,26.0
647.0,5443.104612867569,0.0,0.0,-1.0,1000.0
648.0,5460.6984927071135,0.0,0.0,-1.0,1000.0
649.0,5445.817529258346,0.0,0.0,-1.0,1000.0
650.0,5449.05873207142,0.0,0.0,-1.0,1000.0
651.0,5426.427311940191,0.0,0.0,-1.0,1000.0
652.0,5444.412769269223,0.0,0.0,-1.0,1000.0
653.0,5431.627157965663,0.0,0.0,-1.0,1000.0
654.0,5437.556172194087,0.0,0.0,-1.0,1000.0
655.0,1046.2892990805153,1.0,1.0,0.5942186117172241,112.0
656.0,5430.460872748769,0.0,0.0,-1.0,1000.0
657.0,5426.342939669929,0.0,0.0,-1.0,1000.0
658.0,5382.633457713999,0.0,0.0,-1.0,1000.0
659.0,5423.955729102542,0.0,0.0,-1.0,1000.0
660.0,5441.0996222440035,0.0,0.0,-1.0,1000.0
661.0,5434.556455570704,0.0,0.0,-1.0,1000.0
662.0,5427.0378752375245,0.0,0.0,-1.0,1000.0
663.0,5433.694437879866,0.0,0.0,-1.0,1000.0
664.0,5423.39726498323,0.0,0.0,-1.0,1000.0
665.0,5452.0248032269965,0.0,0.0,-1.0,1000.0
666.0,5449.282444643065,0.0,0.0,-1.0,1000.0
667.0,5449.188177562861,0.0,0.0,-1.0,1000.0
668.0,5417.459204143495,0.0,0.0,-1.0,1000.0
669.0,5418.38057447013,0.0,0.0,-1.0,1000.0
670.0,5427.62686633724,0.0,0.0,-1.0,1000.0
671.0,5404.652345634021,0.0,0.0,-1.0,1000.0
672.0,5427.458582181505,0.0,0.0,-1.0,1000.0
673.0,3405.270924201238,1.0,1.0,0.5447201728820801,64.0
674.0,3906.231313570089,1.0,1.0,0.5773437023162842,53.0
675.0,5474.121493744663,0.0,0.0,-1.0,1000.0
676.0,5476.871216452406,0.0,0.0,-1.0,1000.0
677.0,5428.223837969802,0.0,0.0,-1.0,1000.0
678.0,5438.87020986294,0.0,0.0,-1.0,1000.0
679.0,5276.4856982595,1.0,0.0,0.5650095343589783,552.0
680.0,5451.991713448466,0.0,0.0,-1.0,1000.0
681.0,5450.391965451919,0.0,0.0,-1.0,1000.0
682.0,1770.2610531614362,1.0,1.0,0.6241856813430786,22.0
683.0,5461.870003577341,0.0,0.0,-1.0,1000.0
684.0,5432.830028151954,0.0,0.0,-1.0,1000.0
685.0,5406.422118926814,0.0,0.0,-1.0,1000.0
686.0,5389.743194463505,0.0,0.0,-1.0,1000.0
687.0,5425.271729579107,0.0,0.0,-1.0,1000.0
688.0,5431.495728808394,0.0,0.0,-1.0,1000.0
689.0,5444.046134412629,0.0,0.0,-1.0,1000.0
690.0,5463.820977504939,0.0,0.0,-1.0,1000.0
691.0,5343.184719599558,0.0,0.0,-1.0,1000.0
692.0,5429.3434780949865,0.0,0.0,-1.0,1000.0
693.0,5437.350616807297,0.0,0.0,-1.0,1000.0
694.0,3669.9227684049783,1.0,1.0,0.571704089641571,22.0
695.0,5414.036380427005,0.0,0.0,-1.0,1000.0
696.0,5446.979481414096,0.0,0.0,-1.0,1000.0
697.0,5437.117050500617,0.0,0.0,-1.0,1000.0
698.0,5455.6678614127095,0.0,0.0,-1.0,1000.0
699.0,5465.823425370792,0.0,0.0,-1.0,1000.0
700.0,839.5253459580155,1.0,1.0,0.5643594861030579,28.0
701.0,5403.692688935872,0.0,0.0,-1.0,1000.0
702.0,5457.615615814899,0.0,0.0,-1.0,1000.0
703.0,5434.871277475585,0.0,0.0,-1.0,1000.0
704.0,5441.491746539706,0.0,0.0,-1.0,1000.0
705.0,5395.377535133422,0.0,0.0,-1.0,1000.0
706.0,5449.478058521561,0.0,0.0,-1.0,1000.0
707.0,5440.4008145757325,0.0,0.0,-1.0,1000.0
708.0,5452.0953797107295,0.0,0.0,-1.0,1000.0
709.0,5443.556332447137,0.0,0.0,-1.0,1000.0
710.0,5451.763240192199,0.0,0.0,-1.0,1000.0
711.0,5448.558501680003,0.0,0.0,-1.0,1000.0
712.0,5417.269579252595,0.0,0.0,-1.0,1000.0
713.0,5430.523604874983,0.0,0.0,-1.0,1000.0
714.0,5443.056713549834,0.0,0.0,-1.0,1000.0
715.0,5443.327619560783,0.0,0.0,-1.0,1000.0
716.0,5475.707461016502,0.0,0.0,-1.0,1000.0
717.0,5424.642902600061,0.0,0.0,-1.0,1000.0
718.0,5449.12892810623,0.0,0.0,-1.0,1000.0
719.0,5430.686928226698,0.0,0.0,-1.0,1000.0
720.0,5412.848573535194,0.0,0.0,-1.0,1000.0
721.0,5432.080862820529,0.0,0.0,-1.0,1000.0
722.0,5444.953965356346,0.0,0.0,-1.0,1000.0
723.0,5398.510713839941,0.0,0.0,-1.0,1000.0
724.0,5422.3017871015245,0.0,0.0,-1.0,1000.0
725.0,5422.180471884941,0.0,0.0,-1.0,1000.0
726.0,5443.557197774664,0.0,0.0,-1.0,1000.0
727.0,5440.950705220538,0.0,0.0,-1.0,1000.0
728.0,5437.072226421887,0.0,0.0,-1.0,1000.0
729.0,5442.0152735451475,0.0,0.0,-1.0,1000.0
730.0,5427.165498208996,0.0,0.0,-1.0,1000.0
731.0,5456.773534151832,0.0,0.0,-1.0,1000.0
732.0,5466.534453148227,0.0,0.0,-1.0,1000.0
733.0,5445.383452050122,0.0,0.0,-1.0,1000.0
734.0,5393.183271949437,0.0,0.0,-1.0,1000.0
735.0,5433.031703014916,0.0,0.0,-1.0,1000.0
736.0,5457.234982991409,0.0,0.0,-1.0,1000.0
737.0,5414.5447268990265,0.0,0.0,-1.0,1000.0
738.0,5441.191290135385,0.0,0.0,-1.0,1000.0
739.0,5430.540960701361,0.0,0.0,-1.0,1000.0
740.0,5440.206075101283,0.0,0.0,-1.0,1000.0
741.0,5423.520426066638,0.0,0.0,-1.0,1000.0
742.0,5402.00544452333,0.0,0.0,-1.0,1000.0
743.0,5431.9135726848635,0.0,0.0,-1.0,1000.0
744.0,5427.421625067426,0.0,0.0,-1.0,1000.0
745.0,5454.075225441875,0.0,0.0,-1.0,1000.0
746.0,2652.108172799611,1.0,1.0,0.5127195715904236,103.0
747.0,5418.31796410915,0.0,0.0,-1.0,1000.0
748.0,5446.261006738139,0.0,0.0,-1.0,1000.0
749.0,5446.497379334955,0.0,0.0,-1.0,1000.0
750.0,2287.2941855683944,1.0,1.0,0.5910857915878296,76.0
751.0,5410.065117792805,0.0,0.0,-1.0,1000.0
752.0,5435.528895493359,0.0,0.0,-1.0,1000.0
753.0,5410.528166717417,0.0,0.0,-1.0,1000.0
754.0,5451.068936062372,0.0,0.0,-1.0,1000.0
755.0,2639.704956365,1.0,1.0,0.5882554650306702,47.0
756.0,5245.135577094008,1.0,1.0,0.5676520466804504,20.0
757.0,5440.590613641863,0.0,0.0,-1.0,1000.0
758.0,5456.4577664709905,0.0,0.0,-1.0,1000.0
759.0,5442.975490715071,0.0,0.0,-1.0,1000.0
760.0,662.9463014296911,1.0,1.0,0.5928618311882019,89.0
761.0,5451.423682705643,0.0,0.0,-1.0,1000.0
762.0,5426.125409859467,0.0,0.0,-1.0,1000.0
763.0,5426.244858937158,0.0,0.0,-1.0,1000.0
764.0,5436.292085528174,0.0,0.0,-1.0,1000.0
765.0,5407.241962283674,0.0,0.0,-1.0,1000.0
766.0,5365.678244345285,0.0,0.0,-1.0,1000.0
767.0,5413.9397643432,0.0,0.0,-1.0,1000.0
768.0,5425.007696802572,0.0,0.0,-1.0,1000.0
769.0,5415.43245747514,0.0,0.0,-1.0,1000.0
770.0,5440.270976270727,0.0,0.0,-1.0,1000.0
771.0,4113.826344695903,1.0,1.0,0.5468385219573975,71.0
772.0,5435.279429885756,0.0,0.0,-1.0,1000.0
773.0,5388.360283233323,0.0,0.0,-1.0,1000.0
774.0,5436.144512124349,0.0,0.0,-1.0,1000.0
775.0,5432.128388619009,0.0,0.0,-1.0,1000.0
776.0,5416.378071781178,0.0,0.0,-1.0,1000.0
777.0,5440.926987116932,0.0,0.0,-1.0,1000.0
778.0,5443.18522730912,0.0,0.0,-1.0,1000.0
779.0,5427.271107362223,0.0,0.0,-1.0,1000.0
780.0,5484.761171571866,0.0,0.0,-1.0,1000.0
781.0,5439.684077812382,0.0,0.0,-1.0,1000.0
782.0,5442.000013689162,0.0,0.0,-1.0,1000.0
783.0,5418.204781616137,0.0,0.0,-1.0,1000.0
784.0,5400.851476631589,0.0,0.0,-1.0,1000.0
785.0,5427.588728089692,0.0,0.0,-1.0,1000.0
786.0,5456.349974872384,0.0,0.0,-1.0,1000.0
787.0,5452.566390057394,0.0,0.0,-1.0,1000.0
788.0,5416.388162093208,0.0,0.0,-1.0,1000.0
789.0,5435.590411759441,0.0,0.0,-1.0,1000.0
790.0,5419.9094967557285,0.0,0.0,-1.0,1000.0
791.0,5412.329380802086,0.0,0.0,-1.0,1000.0
792.0,5414.313768829927,0.0,0.0,-1.0,1000.0
793.0,3804.557632934641,1.0,1.0,0.6457887887954712,35.0
794.0,5445.015082729203,0.0,0.0,-1.0,1000.0
795.0,5408.676747574569,0.0,0.0,-1.0,1000.0
796.0,5393.577113435515,0.0,0.0,-1.0,1000.0
797.0,2745.053841500735,1.0,1.0,0.5112195014953613,82.0
798.0,5379.191308954837,0.0,0.0,-1.0,1000.0
799.0,5437.474099774277,0.0,0.0,-1.0,1000.0
800.0,5428.8882095536455,0.0,0.0,-1.0,1000.0
801.0,5437.52078372908,0.0,0.0,-1.0,1000.0
802.0,3295.037202519137,1.0,1.0,0.6102321147918701,26.0
803.0,5411.798326929757,0.0,0.0,-1.0,1000.0
804.0,5444.478028355758,0.0,0.0,-1.0,1000.0
805.0,5351.8365383368255,0.0,0.0,-1.0,1000.0
806.0,5419.393091755805,0.0,0.0,-1.0,1000.0
807.0,5417.502558299737,0.0,0.0,-1.0,1000.0
808.0,3827.2916241970524,1.0,1.0,0.5417848825454712,153.0
809.0,5450.964995163693,0.0,0.0,-1.0,1000.0
810.0,5390.068004765782,0.0,0.0,-1.0,1000.0
811.0,5437.624991367515,0.0,0.0,-1.0,1000.0
812.0,5425.227534515931,0.0,0.0,-1.0,1000.0
813.0,5454.473200042947,0.0,0.0,-1.0,1000.0
814.0,5433.360642216536,0.0,0.0,-1.0,1000.0
815.0,5395.083177764844,0.0,0.0,-1.0,1000.0
816.0,5418.7954261817185,0.0,0.0,-1.0,1000.0
817.0,5419.64451006345,0.0,0.0,-1.0,1000.0
818.0,5426.606693506674,0.0,0.0,-1.0,1000.0
819.0,5423.317289564981,0.0,0.0,-1.0,1000.0
820.0,5403.768230807303,0.0,0.0,-1.0,1000.0
821.0,5430.527428170432,0.0,0.0,-1.0,1000.0
822.0,5387.096566322443,1.0,0.0,0.5348681211471558,49.0
823.0,5444.355929104212,0.0,0.0,-1.0,1000.0
824.0,5438.959942308999,0.0,0.0,-1.0,1000.0
825.0,5473.866867841946,0.0,0.0,-1.0,1000.0
826.0,5385.612058714563,1.0,0.0,0.5245850086212158,43.0
827.0,5457.643729399942,1.0,0.0,0.5786517858505249,469.0
828.0,5447.97758605096,0.0,0.0,-1.0,1000.0
829.0,5487.277458092781,1.0,0.0,0.5729484558105469,323.0
830.0,5438.049303265999,0.0,0.0,-1.0,1000.0
831.0,5395.861148503118,0.0,0.0,-1.0,1000.0
832.0,5446.799956731296,0.0,0.0,-1.0,1000.0
833.0,5423.10453919129,0.0,0.0,-1.0,1000.0
834.0,5464.547980990857,0.0,0.0,-1.0,1000.0
835.0,5459.633299148144,0.0,0.0,-1.0,1000.0
836.0,5440.838775505878,0.0,0.0,-1.0,1000.0
837.0,5442.241434907382,0.0,0.0,-1.0,1000.0
838.0,5413.449303593022,0.0,0.0,-1.0,1000.0
839.0,5443.52969606979,0.0,0.0,-1.0,1000.0
840.0,5434.6743248942485,0.0,0.0,-1.0,1000.0
841.0,683.2793373112441,1.0,1.0,0.6050876975059509,38.0
842.0,5414.661732829468,0.0,0.0,-1.0,1000.0
843.0,5427.74665671642,0.0,0.0,-1.0,1000.0
844.0,5407.287527021202,0.0,0.0,-1.0,1000.0
845.0,5439.340517670661,0.0,0.0,-1.0,1000.0
846.0,5437.885537470775,0.0,0.0,-1.0,1000.0
847.0,5440.388263916559,0.0,0.0,-1.0,1000.0
848.0,5403.250241809442,0.0,0.0,-1.0,1000.0
849.0,5434.30506274691,0.0,0.0,-1.0,1000.0
850.0,5438.182902207277,0.0,0.0,-1.0,1000.0
851.0,5419.766743259117,0.0,0.0,-1.0,1000.0
852.0,5446.007741101682,0.0,0.0,-1.0,1000.0
853.0,5458.235725658251,0.0,0.0,-1.0,1000.0
854.0,5433.178849889379,0.0,0.0,-1.0,1000.0
855.0,5439.05293664383,0.0,0.0,-1.0,1000.0
856.0,5434.791147837767,0.0,0.0,-1.0,1000.0
857.0,5413.592854277916,0.0,0.0,-1.0,1000.0
858.0,5452.110660326672,0.0,0.0,-1.0,1000.0
859.0,5450.280178251038,0.0,0.0,-1.0,1000.0
860.0,5484.316135479977,1.0,0.0,0.5417678952217102,684.0
861.0,5440.426403381749,0.0,0.0,-1.0,1000.0
862.0,5404.324171923606,0.0,0.0,-1.0,1000.0
863.0,5445.259850430505,0.0,0.0,-1.0,1000.0
864.0,5430.661187474571,0.0,0.0,-1.0,1000.0
865.0,5394.333082961478,1.0,0.0,0.50811368227005,705.0
866.0,5455.539097020448,0.0,0.0,-1.0,1000.0
867.0,5424.062697509743,0.0,0.0,-1.0,1000.0
868.0,5421.863318722832,0.0,0.0,-1.0,1000.0
869.0,5434.168324192495,0.0,0.0,-1.0,1000.0
870.0,5420.619324095495,0.0,0.0,-1.0,1000.0
871.0,5441.485599136028,0.0,0.0,-1.0,1000.0
872.0,5446.341863728265,0.0,0.0,-1.0,1000.0
873.0,5434.806987319134,0.0,0.0,-1.0,1000.0
874.0,5400.729004334424,0.0,0.0,-1.0,1000.0
875.0,5417.63456418014,0.0,0.0,-1.0,1000.0
876.0,5462.829622880657,0.0,0.0,-1.0,1000.0
877.0,5442.715401493598,0.0,0.0,-1.0,1000.0
878.0,5451.700393277873,0.0,0.0,-1.0,1000.0
879.0,5401.434920122618,0.0,0.0,-1.0,1000.0
880.0,5432.531069182262,0.0,0.0,-1.0,1000.0
881.0,5443.760179563964,0.0,0.0,-1.0,1000.0
882.0,5454.940650244141,0.0,0.0,-1.0,1000.0
883.0,5431.466523063637,0.0,0.0,-1.0,1000.0
884.0,5374.594739063448,0.0,0.0,-1.0,1000.0
885.0,5426.590152489009,0.0,0.0,-1.0,1000.0
886.0,5456.097765317757,0.0,0.0,-1.0,1000.0
887.0,5407.35058530361,0.0,0.0,-1.0,1000.0
888.0,5408.49487203515,0.0,0.0,-1.0,1000.0
889.0,5458.679244051376,0.0,0.0,-1.0,1000.0
890.0,5458.383087194058,0.0,0.0,-1.0,1000.0
891.0,3419.1335166710396,1.0,1.0,0.6436456441879272,64.0
892.0,5413.520149275683,0.0,0.0,-1.0,1000.0
893.0,5394.453145501932,0.0,0.0,-1.0,1000.0
894.0,2049.2505468179907,1.0,1.0,0.5227391719818115,15.0
895.0,5408.052645591288,0.0,0.0,-1.0,1000.0
896.0,5431.2535798051995,0.0,0.0,-1.0,1000.0
897.0,5432.192737075481,0.0,0.0,-1.0,1000.0
898.0,5454.371586663417,0.0,0.0,-1.0,1000.0
899.0,5439.451124340875,0.0,0.0,-1.0,1000.0
900.0,3162.6473655378227,1.0,1.0,0.5793787240982056,92.0
901.0,5425.718806774322,0.0,0.0,-1.0,1000.0
902.0,5387.139134136669,0.0,0.0,-1.0,1000.0
903.0,2387.7952937750006,1.0,1.0,0.5666435360908508,42.0
904.0,5441.270559871294,0.0,0.0,-1.0,1000.0
905.0,5419.524688172743,0.0,0.0,-1.0,1000.0
906.0,2448.6332527457203,1.0,1.0,0.5233728289604187,53.0
907.0,5415.205334781682,0.0,0.0,-1.0,1000.0
908.0,5444.421620229713,0.0,0.0,-1.0,1000.0
909.0,5419.4147483327815,0.0,0.0,-1.0,1000.0
910.0,5429.951416325029,0.0,0.0,-1.0,1000.0
911.0,5394.143753085874,0.0,0.0,-1.0,1000.0
912.0,5438.908734475313,0.0,0.0,-1.0,1000.0
913.0,5426.401331209973,0.0,0.0,-1.0,1000.0
914.0,4670.381368009126,1.0,1.0,0.5582032799720764,14.0
915.0,5443.659399204383,0.0,0.0,-1.0,1000.0
916.0,5426.694934003959,0.0,0.0,-1.0,1000.0
917.0,5457.858386844777,0.0,0.0,-1.0,1000.0
918.0,5439.51340621518,0.0,0.0,-1.0,1000.0
919.0,5375.252950643129,0.0,0.0,-1.0,1000.0
920.0,5438.403380237615,0.0,0.0,-1.0,1000.0
921.0,5462.6613740337525,0.0,0.0,-1.0,1000.0
922.0,5420.420571634706,0.0,0.0,-1.0,1000.0
923.0,5457.44462678005,0.0,0.0,-1.0,1000.0
924.0,5407.980004188131,0.0,0.0,-1.0,1000.0
925.0,5434.032696658378,0.0,0.0,-1.0,1000.0
926.0,2045.4608895673211,1.0,1.0,0.5140820741653442,46.0
927.0,5432.916510683013,0.0,0.0,-1.0,1000.0
928.0,5431.002134751766,0.0,0.0,-1.0,1000.0
929.0,5429.751867557483,0.0,0.0,-1.0,1000.0
930.0,5433.5554151889255,0.0,0.0,-1.0,1000.0
931.0,5433.015305953353,0.0,0.0,-1.0,1000.0
932.0,5445.575865625713,0.0,0.0,-1.0,1000.0
933.0,5377.356897168107,1.0,0.0,0.5013642907142639,52.0
934.0,5435.892265491889,0.0,0.0,-1.0,1000.0
935.0,5407.5526036563,0.0,0.0,-1.0,1000.0
936.0,5442.862388929012,0.0,0.0,-1.0,1000.0
937.0,5432.253706512108,0.0,0.0,-1.0,1000.0
938.0,5370.7415988300445,0.0,0.0,-1.0,1000.0
939.0,5433.249288622613,0.0,0.0,-1.0,1000.0
940.0,5404.214199223653,0.0,0.0,-1.0,1000.0
941.0,5428.374145110903,0.0,0.0,-1.0,1000.0
942.0,5451.23109511702,0.0,0.0,-1.0,1000.0
943.0,5455.997208251201,1.0,0.0,0.6137014031410217,236.0
944.0,5404.702099666578,0.0,0.0,-1.0,1000.0
945.0,5466.098231996388,0.0,0.0,-1.0,1000.0
946.0,5436.808806100078,0.0,0.0,-1.0,1000.0
947.0,5454.718241878934,0.0,0.0,-1.0,1000.0
948.0,5430.103432141048,0.0,0.0,-1.0,1000.0
949.0,5446.8327872101945,0.0,0.0,-1.0,1000.0
950.0,5463.5584006193385,0.0,0.0,-1.0,1000.0
951.0,5460.356708561489,0.0,0.0,-1.0,1000.0
952.0,5424.504532571037,0.0,0.0,-1.0,1000.0
953.0,5419.977169350486,0.0,0.0,-1.0,1000.0
954.0,5424.213973989364,0.0,0.0,-1.0,1000.0
955.0,5415.360563468978,0.0,0.0,-1.0,1000.0
956.0,4507.175880876572,1.0,1.0,0.5115347504615784,36.0
957.0,5426.230906835155,0.0,0.0,-1.0,1000.0
958.0,5421.802374280385,0.0,0.0,-1.0,1000.0
959.0,5414.106612933259,0.0,0.0,-1.0,1000.0
960.0,5269.501684637213,1.0,0.0,0.50453782081604,717.0
961.0,5445.738924700861,0.0,0.0,-1.0,1000.0
962.0,5407.537468818398,0.0,0.0,-1.0,1000.0
963.0,5439.601470952812,0.0,0.0,-1.0,1000.0
964.0,5427.074240678883,0.0,0.0,-1.0,1000.0
965.0,5422.4332753958015,0.0,0.0,-1.0,1000.0
966.0,5399.196849492405,0.0,0.0,-1.0,1000.0
967.0,5440.66109586585,0.0,0.0,-1.0,1000.0
968.0,5431.767973649993,0.0,0.0,-1.0,1000.0
969.0,4737.875342349703,1.0,1.0,0.5564255118370056,24.0
970.0,5433.4009419365375,0.0,0.0,-1.0,1000.0
971.0,893.9413597885166,1.0,1.0,0.5357853770256042,97.0
972.0,5443.649158857441,0.0,0.0,-1.0,1000.0
973.0,5430.9887562699,0.0,0.0,-1.0,1000.0
974.0,5429.742921565312,0.0,0.0,-1.0,1000.0
975.0,5396.7022456316745,0.0,0.0,-1.0,1000.0
976.0,5412.806501857385,0.0,0.0,-1.0,1000.0
977.0,5456.355765605534,0.0,0.0,-1.0,1000.0
978.0,5442.3977813002975,0.0,0.0,-1.0,1000.0
979.0,5432.909221905884,0.0,0.0,-1.0,1000.0
980.0,5359.251925815017,0.0,0.0,-1.0,1000.0
981.0,5432.8994412570755,0.0,0.0,-1.0,1000.0
982.0,5448.542505750236,0.0,0.0,-1.0,1000.0
983.0,5430.427090336998,0.0,0.0,-1.0,1000.0
984.0,2086.205811511023,1.0,1.0,0.6423394083976746,60.0
985.0,5430.4850861478,0.0,0.0,-1.0,1000.0
986.0,5420.149965430299,0.0,0.0,-1.0,1000.0
987.0,4223.424852496575,1.0,1.0,0.5588448643684387,51.0
988.0,5428.39151765881,0.0,0.0,-1.0,1000.0
989.0,5403.0695634831245,0.0,0.0,-1.0,1000.0
990.0,5453.630661055236,0.0,0.0,-1.0,1000.0
991.0,5452.508820132331,0.0,0.0,-1.0,1000.0
992.0,3498.8896453906286,1.0,1.0,0.5420766472816467,45.0
993.0,5430.762944820058,0.0,0.0,-1.0,1000.0
994.0,5416.086739503147,0.0,0.0,-1.0,1000.0
995.0,5422.77145363226,0.0,0.0,-1.0,1000.0
996.0,5454.000344027982,0.0,0.0,-1.0,1000.0
997.0,5432.232844926279,0.0,0.0,-1.0,1000.0
998.0,5440.249458560097,0.0,0.0,-1.0,1000.0
999.0,5429.586126591205,0.0,0.0,-1.0,1000.0
